{"verts": [[-0.13899999856948853, 0.25, -0.10000000149011612], [-0.13899999856948853, 0.15000000596046448, -0.10000000149011612], [-0.13899999856948853, 0.15000000596046448, 0.0], [-0.13899999856948853, 0.25, 2.4492937051703357e-17], [-0.3157767057418823, 0.1767766922712326, -0.10000000149011612], [-0.24506601691246033, 0.1060660183429718, -0.10000000149011612], [-0.24506601691246033, 0.1060660183429718, 0.0], [-0.3157767057418823, 0.1767766922712326, 2.4492937051703357e-17], [-0.3889999985694885, 0.0, 0.0], [-0.3889999985694885, 0.0, -0.10000000149011612], [-0.2889999747276306, 0.0, -0.10000000149011612], [-0.2889999747276306, 0.0, 0.0], [-0.31577667593955994, -0.1767766773700714, -0.10000000149011612], [-0.24506601691246033, -0.1060660108923912, -0.10000000149011612], [-0.24506601691246033, -0.1060660108923912, 0.0], [-0.31577667593955994, -0.1767766773700714, 2.4492937051703357e-17], [-0.13899999856948853, -0.2499999701976776, 0.0], [-0.13899999856948853, -0.2499999701976776, -0.10000000149011612], [-0.13899999856948853, -0.14999999105930328, -0.10000000149011612], [-0.13899999856948853, -0.14999999105930328, 0.0], [-0.05000000074505806, -0.25, 0.0], [-0.05000000074505806, -0.25, -0.10000000149011612], [-0.05000000074505806, -0.15000000596046448, -0.10000000149011612], [-0.05000000074505806, -0.15000000596046448, 0.0], [0.05000000074505806, -0.25, 0.0], [0.05000000074505806, -0.25, -0.10000000149011612], [0.05000000074505806, -0.15000000596046448, -0.10000000149011612], [0.05000000074505806, -0.15000000596046448, 0.0], [0.3157767057418823, -0.1767766922712326, -0.10000000149011612], [0.24506601691246033, -0.1060660183429718, -0.10000000149011612], [0.24506601691246033, -0.1060660183429718, 0.0], [0.3157767057418823, -0.1767766922712326, 2.4492937051703357e-17], [0.3889999985694885, 0.0, 0.0], [0.3889999985694885, 0.0, -0.10000000149011612], [0.2889999747276306, 0.0, -0.10000000149011612], [0.2889999747276306, 0.0, 0.0], [0.31577667593955994, 0.1767766773700714, 0.0], [0.31577667593955994, 0.1767766773700714, -0.10000000149011612], [0.24506601691246033, 0.1060660108923912, -0.10000000149011612], [0.24506601691246033, 0.1060660108923912, 0.0], [0.13899999856948853, 0.2499999701976776, -0.10000000149011612], [0.13899999856948853, 0.14999999105930328, -0.10000000149011612], [0.13899999856948853, 0.14999999105930328, 0.0], [0.13899999856948853, 0.2499999701976776, 2.4492937051703357e-17]], "faces": [[3, 0, 4, 7], [0, 1, 5, 4], [1, 2, 6, 5], [2, 3, 7, 6], [7, 4, 9, 8], [4, 5, 10, 9], [5, 6, 11, 10], [6, 7, 8, 11], [8, 9, 12, 15], [9, 10, 13, 12], [10, 11, 14, 13], [11, 8, 15, 14], [15, 12, 17, 16], [12, 13, 18, 17], [13, 14, 19, 18], [14, 15, 16, 19], [16, 17, 21, 20], [17, 18, 22, 21], [18, 19, 23, 22], [19, 16, 20, 23], [21, 22, 26, 25], [22, 23, 27, 26], [23, 20, 24, 27], [24, 25, 28, 31], [25, 26, 29, 28], [26, 27, 30, 29], [27, 24, 31, 30], [31, 28, 33, 32], [28, 29, 34, 33], [29, 30, 35, 34], [30, 31, 32, 35], [32, 33, 37, 36], [33, 34, 38, 37], [34, 35, 39, 38], [35, 32, 36, 39], [36, 37, 40, 43], [37, 38, 41, 40], [38, 39, 42, 41], [39, 36, 43, 42], [0, 3, 2, 1], [40, 41, 42, 43]]}